__RTS_FN_NS_DOM_ADD_LISTENER	module = "dom", value = "addListener"	__rtsm_dom_addListener
__RTS_FN_NS_DOM_ADD_LISTENER_CB	module = "dom", value = "addListenerCb"	__rtsm_dom_addListenerCb
__RTS_FN_NS_DOM_ADD_STYLESHEET	module = "dom", value = "addStylesheet"	__rtsm_dom_addStylesheet
__RTS_FN_NS_DOM_ADVANCE	module = "dom", value = "advance"	__rtsm_dom_advance
__RTS_FN_NS_DOM_APPEND_CHILD	module = "dom", value = "appendChild"	__rtsm_dom_appendChild
__RTS_FN_NS_DOM_ATTR_COUNT	module = "dom", value = "attrCount"	__rtsm_dom_attrCount
__RTS_FN_NS_DOM_ATTR_NAME_AT	module = "dom", value = "attrNameAt"	__rtsm_dom_attrNameAt
__RTS_FN_NS_DOM_ATTR_VALUE_AT	module = "dom", value = "attrValueAt"	__rtsm_dom_attrValueAt
__RTS_FN_NS_DOM_BOUNDING_COMPONENT	module = "dom", value = "boundingComponent"	__rtsm_dom_boundingComponent
__RTS_FN_NS_DOM_CHILD_AT	module = "dom", value = "childAt"	__rtsm_dom_childAt
__RTS_FN_NS_DOM_CHILD_COUNT	module = "dom", value = "childCount"	__rtsm_dom_childCount
__RTS_FN_NS_DOM_CHILD_NODE_AT	module = "dom", value = "childNodeAt"	__rtsm_dom_childNodeAt
__RTS_FN_NS_DOM_CHILD_NODES_COUNT	module = "dom", value = "childNodesCount"	__rtsm_dom_childNodesCount
__RTS_FN_NS_DOM_CLEAR_CHILDREN	module = "dom", value = "clearChildren"	__rtsm_dom_clearChildren
__RTS_FN_NS_DOM_CLONE_NODE	module = "dom", value = "cloneNode"	__rtsm_dom_cloneNode
__RTS_FN_NS_DOM_CLOSEST	module = "dom", value = "closest"	__rtsm_dom_closest
__RTS_FN_NS_DOM_COMPUTED_PROPERTY	module = "dom", value = "computedProperty"	__rtsm_dom_computedProperty
__RTS_FN_NS_DOM_CONTAINS	module = "dom", value = "contains"	__rtsm_dom_contains
__RTS_FN_NS_DOM_CREATE_COMMENT	module = "dom", value = "createComment"	__rtsm_dom_createComment
__RTS_FN_NS_DOM_CREATE_DOCUMENT	module = "dom", value = "createDocument"	__rtsm_dom_createDocument
__RTS_FN_NS_DOM_CREATE_ELEMENT	module = "dom", value = "createElement"	__rtsm_dom_createElement
__RTS_FN_NS_DOM_CREATE_TEXT_NODE	module = "dom", value = "createTextNode"	__rtsm_dom_createTextNode
__RTS_FN_NS_DOM_CSS_TEXT	module = "dom", value = "cssText"	__rtsm_dom_cssText
__RTS_FN_NS_DOM_DEFINE_BLOCK	module = "dom", value = "defineBlock"	__rtsm_dom_defineBlock
__RTS_FN_NS_DOM_DEFINE_INLINE	module = "dom", value = "defineInline"	__rtsm_dom_defineInline
__RTS_FN_NS_DOM_DEFINE_STYLE	module = "dom", value = "defineStyle"	__rtsm_dom_defineStyle
__RTS_FN_NS_DOM_DISPATCH_CB_AT	module = "dom", value = "dispatchCbAt"	__rtsm_dom_dispatchCbAt
__RTS_FN_NS_DOM_DISPATCH_CB_NODE	module = "dom", value = "dispatchCbNode"	__rtsm_dom_dispatchCbNode
__RTS_FN_NS_DOM_DISPATCH_COLLECT	module = "dom", value = "dispatchCollect"	__rtsm_dom_dispatchCollect
__RTS_FN_NS_DOM_DISPATCH_EVENT	module = "dom", value = "dispatchEvent"	__rtsm_dom_dispatchEvent
__RTS_FN_NS_DOM_DISPLAY_OF	module = "dom", value = "displayOf"	__rtsm_dom_displayOf
__RTS_FN_NS_DOM_DUMP	module = "dom", value = "dump"	__rtsm_dom_dump
__RTS_FN_NS_DOM_DUMP_LAYOUT	module = "dom", value = "dumpLayout"	__rtsm_dom_dumpLayout
__RTS_FN_NS_DOM_DUMP_TREE	module = "dom", value = "dumpTree"	__rtsm_dom_dumpTree
__RTS_FN_NS_DOM_FIRST_CHILD	module = "dom", value = "firstChild"	__rtsm_dom_firstChild
__RTS_FN_NS_DOM_FOCUS_INPUT	module = "dom", value = "focusInput"	__rtsm_dom_focusInput
__RTS_FN_NS_DOM_FOCUSED_INPUT	module = "dom", value = "focusedInput"	__rtsm_dom_focusedInput
__RTS_FN_NS_DOM_FREE	module = "dom", value = "free"	__rtsm_dom_free
__RTS_FN_NS_DOM_GET_ATTRIBUTE	module = "dom", value = "getAttribute"	__rtsm_dom_getAttribute
__RTS_FN_NS_DOM_GET_BY_CLASS_AT	module = "dom", value = "getByClassAt"	__rtsm_dom_getByClassAt
__RTS_FN_NS_DOM_GET_BY_CLASS_COUNT	module = "dom", value = "getByClassCount"	__rtsm_dom_getByClassCount
__RTS_FN_NS_DOM_GET_BY_NAME_AT	module = "dom", value = "getByNameAt"	__rtsm_dom_getByNameAt
__RTS_FN_NS_DOM_GET_BY_NAME_COUNT	module = "dom", value = "getByNameCount"	__rtsm_dom_getByNameCount
__RTS_FN_NS_DOM_GET_BY_TAG_AT	module = "dom", value = "getByTagAt"	__rtsm_dom_getByTagAt
__RTS_FN_NS_DOM_GET_BY_TAG_COUNT	module = "dom", value = "getByTagCount"	__rtsm_dom_getByTagCount
__RTS_FN_NS_DOM_GET_TEXT	module = "dom", value = "getText"	__rtsm_dom_getText
__RTS_FN_NS_DOM_HAS_ATTR	module = "dom", value = "hasAttr"	__rtsm_dom_hasAttr
__RTS_FN_NS_DOM_HAS_CHILD_NODES	module = "dom", value = "hasChildNodes"	__rtsm_dom_hasChildNodes
__RTS_FN_NS_DOM_HAS_IMAGE	module = "dom", value = "hasImage"	__rtsm_dom_hasImage
__RTS_FN_NS_DOM_HAS_LISTENER	module = "dom", value = "hasListener"	__rtsm_dom_hasListener
__RTS_FN_NS_DOM_INLINE_PROPERTY	module = "dom", value = "inlineProperty"	__rtsm_dom_inlineProperty
__RTS_FN_NS_DOM_INNER_HTML	module = "dom", value = "innerHtml"	__rtsm_dom_innerHtml
__RTS_FN_NS_DOM_INPUT_AT	module = "dom", value = "inputAt"	__rtsm_dom_inputAt
__RTS_FN_NS_DOM_INPUT_BACKSPACE	module = "dom", value = "inputBackspace"	__rtsm_dom_inputBackspace
__RTS_FN_NS_DOM_INPUT_FEED_TEXT	module = "dom", value = "inputFeedText"	__rtsm_dom_inputFeedText
__RTS_FN_NS_DOM_INPUT_VALUE	module = "dom", value = "inputValue"	__rtsm_dom_inputValue
__RTS_FN_NS_DOM_INSERT_ADJACENT	module = "dom", value = "insertAdjacent"	__rtsm_dom_insertAdjacent
__RTS_FN_NS_DOM_INSERT_BEFORE	module = "dom", value = "insertBefore"	__rtsm_dom_insertBefore
__RTS_FN_NS_DOM_LAST_CHILD	module = "dom", value = "lastChild"	__rtsm_dom_lastChild
__RTS_FN_NS_DOM_MATCHES	module = "dom", value = "matches"	__rtsm_dom_matches
__RTS_FN_NS_DOM_NEXT_SIBLING	module = "dom", value = "nextSibling"	__rtsm_dom_nextSibling
__RTS_FN_NS_DOM_NODE_NAME	module = "dom", value = "nodeName"	__rtsm_dom_nodeName
__RTS_FN_NS_DOM_NODE_STYLE_SLOT	module = "dom", value = "nodeStyleSlot"	__rtsm_dom_nodeStyleSlot
__RTS_FN_NS_DOM_NODE_TYPE	module = "dom", value = "nodeType"	__rtsm_dom_nodeType
__RTS_FN_NS_DOM_NODE_VALUE	module = "dom", value = "nodeValue"	__rtsm_dom_nodeValue
__RTS_FN_NS_DOM_NORMALIZE	module = "dom", value = "normalize"	__rtsm_dom_normalize
__RTS_FN_NS_DOM_OUTER_HTML	module = "dom", value = "outerHtml"	__rtsm_dom_outerHtml
__RTS_FN_NS_DOM_PARENT_NODE	module = "dom", value = "parentNode"	__rtsm_dom_parentNode
__RTS_FN_NS_DOM_PARSE_HTML	module = "dom", value = "parseHtml"	__rtsm_dom_parseHtml
__RTS_FN_NS_DOM_POLL_EVENT	module = "dom", value = "pollEvent"	__rtsm_dom_pollEvent
__RTS_FN_NS_DOM_POLL_EVENT_TYPE	module = "dom", value = "pollEventType"	__rtsm_dom_pollEventType
__RTS_FN_NS_DOM_POLL_RAW_EVENT	module = "dom", value = "pollRawEvent"	__rtsm_dom_pollRawEvent
__RTS_FN_NS_DOM_POLL_RAW_EVENT_TYPE	module = "dom", value = "pollRawEventType"	__rtsm_dom_pollRawEventType
__RTS_FN_NS_DOM_PREPEND	module = "dom", value = "prepend"	__rtsm_dom_prepend
__RTS_FN_NS_DOM_PREVIOUS_SIBLING	module = "dom", value = "previousSibling"	__rtsm_dom_previousSibling
__RTS_FN_NS_DOM_PUSH_RAW_EVENT	module = "dom", value = "pushRawEvent"	__rtsm_dom_pushRawEvent
__RTS_FN_NS_DOM_QUERY_ALL_WITHIN_AT	module = "dom", value = "queryAllWithinAt"	__rtsm_dom_queryAllWithinAt
__RTS_FN_NS_DOM_QUERY_ALL_WITHIN_COUNT	module = "dom", value = "queryAllWithinCount"	__rtsm_dom_queryAllWithinCount
__RTS_FN_NS_DOM_QUERY_SELECTOR	module = "dom", value = "querySelector"	__rtsm_dom_querySelector
__RTS_FN_NS_DOM_QUERY_SELECTOR_ALL_AT	module = "dom", value = "querySelectorAllAt"	__rtsm_dom_querySelectorAllAt
__RTS_FN_NS_DOM_QUERY_SELECTOR_ALL_COUNT	module = "dom", value = "querySelectorAllCount"	__rtsm_dom_querySelectorAllCount
__RTS_FN_NS_DOM_QUERY_WITHIN	module = "dom", value = "queryWithin"	__rtsm_dom_queryWithin
__RTS_FN_NS_DOM_REMOVE_ATTR	module = "dom", value = "removeAttr"	__rtsm_dom_removeAttr
__RTS_FN_NS_DOM_REMOVE_CHILD	module = "dom", value = "removeChild"	__rtsm_dom_removeChild
__RTS_FN_NS_DOM_REMOVE_LISTENER	module = "dom", value = "removeListener"	__rtsm_dom_removeListener
__RTS_FN_NS_DOM_REMOVE_NODE	module = "dom", value = "removeNode"	__rtsm_dom_removeNode
__RTS_FN_NS_DOM_REMOVE_STYLE_PROPERTY	module = "dom", value = "removeStyleProperty"	__rtsm_dom_removeStyleProperty
__RTS_FN_NS_DOM_REPLACE_CHILD	module = "dom", value = "replaceChild"	__rtsm_dom_replaceChild
__RTS_FN_NS_DOM_REPLACE_WITH	module = "dom", value = "replaceWith"	__rtsm_dom_replaceWith
__RTS_FN_NS_DOM_ROOT_ID	module = "dom", value = "rootId"	__rtsm_dom_rootId
__RTS_FN_NS_DOM_RUN_SCRIPT	module = "dom", value = "runScript"	__rtsm_dom_runScript
__RTS_FN_NS_DOM_SET_ATTR	module = "dom", value = "setAttr"	__rtsm_dom_setAttr
__RTS_FN_NS_DOM_SET_CSS_TEXT	module = "dom", value = "setCssText"	__rtsm_dom_setCssText
__RTS_FN_NS_DOM_SET_HOVERED	module = "dom", value = "setHovered"	__rtsm_dom_setHovered
__RTS_FN_NS_DOM_SET_IMAGE	module = "dom", value = "setImage"	__rtsm_dom_setImage
__RTS_FN_NS_DOM_SET_INNER_HTML	module = "dom", value = "setInnerHtml"	__rtsm_dom_setInnerHtml
__RTS_FN_NS_DOM_SET_NODE_VALUE	module = "dom", value = "setNodeValue"	__rtsm_dom_setNodeValue
__RTS_FN_NS_DOM_SET_STYLE	module = "dom", value = "setStyle"	__rtsm_dom_setStyle
__RTS_FN_NS_DOM_SET_STYLE_BATCH	module = "dom", value = "setStyleBatch"	__rtsm_dom_setStyleBatch
__RTS_FN_NS_DOM_SET_STYLE_PROPERTY	module = "dom", value = "setStyleProperty"	__rtsm_dom_setStyleProperty
__RTS_FN_NS_DOM_SET_TEXT	module = "dom", value = "setText"	__rtsm_dom_setText
__RTS_FN_NS_DOM_TAG_NAME	module = "dom", value = "tagName"	__rtsm_dom_tagName
